id	pl-PL	en-US
aee453f2-f0cf-5ff9-8ad2-85106401c5db	Symbole-bity-sygnały	TODO
4c65c3ce-cb43-5869-943c-86c68a1ad90a	Społeczeństwo	TODO
64cd1be0-8f5d-55fe-96d4-d597f072cb0c	Życie człowieka	TODO
d80eb436-f896-56cd-8d47-d7224c0aec00	Medycyna	TODO
720dd9e6-f7e2-5c03-80b2-32a6356cfbf9	Chemia	TODO
6c20d672-50b0-5b82-8e8f-ec3ea18ba27c	Biologia	TODO
d333cc45-45e9-56a1-8322-6f8073c723d4	Wytwarzanie	TODO
8b5c0d7c-801f-5179-9a5b-4171eb095d67	Fizyka	TODO
4f2dfb12-09f0-5a3c-9cee-c5449312145d	Ziemia	TODO
0acf00e5-eb47-5412-883f-97500056d0d3	Komputery i komunikacja	TODO
4160b797-5aed-501a-9d04-a425ef5443ae	Bakterie i choroby zakaźne	TODO
08ff7c1e-7b3e-5432-88e7-94c75040d32b	Tekst i tłumaczenie	TODO
ed867c8e-c494-5ad2-a57a-916fdcec3dcf	Rozmnażanie ludzi i zwierząt	TODO
bba5020c-61b1-580e-b34b-65764f2c778c	Problemy społeczne	TODO
86f666a4-7c24-531b-ba4f-c78988e38262	Pieniądze	TODO
b311b046-a44a-57f7-b3e9-78816c04167c	Rodzina, młodość i seks	TODO
d1b9ae6e-1d95-5b72-8fa5-3230afd4de27	Biznes	TODO
7b1ccb9d-ab4c-501b-b4c5-1f3f9dde32c9	Język	TODO
02ba5ace-91f1-5459-87f1-77bd2ece3abc	Wiedza i edukacja	TODO
e5b3567b-feac-5700-bc22-a513aab63cdc	Umysł i zdrowie	TODO
ececf313-b97f-5b22-a4f5-ddfa91b736c3	Mózg i zdrowie psychiczne	TODO
70c45f50-4480-523e-a857-8fc6023c80c9	Matematyka	TODO
87665adf-5706-531e-8707-8774089b7d09	Fizyka teoretyczna	TODO
875f9a3e-c68d-5405-a470-c84364bc9fea	Fotonika	TODO
509e3090-8807-52ab-bc8a-59db19a5604f	Urazy i ortopedia	TODO
b3629406-c9b0-51fe-abed-ee71fc088288	Kosmos	TODO
a0f0e4e2-fae7-5d6e-8c51-ed7ad454f9ff	Litosfera	TODO
2df6749c-b076-5db1-b094-dc95fdcfd139	Fizyka jądrowa	TODO
6a8211cc-057c-55d1-bc52-e58d4187cac1	Paliwa i odpady	TODO
662dc9f9-767e-54c0-b929-be24c3fa8b24	Rośliny	TODO
31105616-eb82-5579-8741-063f0cfb9a42	Hodowla zwierząt	TODO
9d29b13f-8d11-5704-82c4-adbceaf59106	Ekologia i ochrona środowiska	TODO
c1e6f88f-0879-5743-b18a-bff78829c919	Biologia organizmów	TODO
b41ec85d-686c-5616-88d6-bdf5aa137b7b	Gleba, woda, biosfera	TODO
a0751110-df2a-554d-b18b-1c4d63142c69	Materiały	TODO
aa8f42fc-b254-54d9-ab98-14a2beea6457	Woda i odpady	TODO
a6dec198-3d3c-53db-9c7f-c1c620a2b3e7	Terapeutyka molekularna	TODO
45b43b07-fee4-53c8-99d6-7d024e526602	Materiały miękkie i biokompatybilne	TODO
7ef3c223-5862-5f6c-91b2-66033ab1053b	Żywność	TODO
f6780436-5d4d-56d0-8c9a-64124dc9fba7	Beton	TODO
de1aabb7-6b13-5988-8d53-22e7f39a0c77	Nanotechnologia i elektronika	TODO
7472708a-9286-57fa-a523-92ec4cdd82bc	Technologie produkcyjne	TODO
550c1158-7ec0-54a4-87f0-27ee5ae7918a	Biologia komórki	TODO
fd8e2a65-08bf-52be-95b5-bd1ad43ff312	Nowotwory	TODO
f4de87f2-dc9b-5b96-ab67-014549cdc685	Serce i układ krążenia	TODO
9e34c262-c2b3-5a9c-b2a1-4c1d45c692f2	Chirurgia	TODO
594b0934-ff25-5648-9910-7781cb42f134	DNA i genom	TODO
0259a0c6-21cc-5a70-8a74-8ad19dc63515	Chemia organiczna	TODO
0fa0fd86-81fe-5c87-914a-dfe6484b07ea	Sport i sprawność	TODO
c0860dd6-ff6e-51bb-9957-272627a39460	Zawód medyczny	TODO
096b508f-9c9e-547f-bc44-d25c7d17abdb	Ciąża i noworodki	TODO
dfc04588-be33-5495-9c48-02a977d33665	Makrocząstki	TODO
6612bbe9-6337-58cd-bc8c-b609fbc21a98	Intensywna terapia	TODO
3c236a7a-7c37-5ff4-a222-5e52b5e6d61f	Algorytmy i roboty	TODO
4c803f50-1b51-56d4-8ce2-566643f2bc09	Budynki i transport	TODO
40195c6f-fc3a-51a3-836b-db5a81f7d5d5	Rynki i rządy	TODO
4233a3bd-3587-5367-ac7a-52d9b0434812	Maszyny	TODO
b1a05715-08c9-570e-a103-77ba821dc935	Ból	TODO
8b7af942-342d-584a-8cff-fc2779aa9041	Fotochemia organiczna	TODO
8f748d88-087e-5bc3-9457-b172e2c6c745	Skażenie środowiska	TODO
910e1a74-422e-56dd-bd4c-118d91b91459	Choroby zapalne	TODO
f070a12e-caa9-505d-a0bc-853d03aea97d	Państwo i władza	TODO
ee7e93c9-cd54-5b8d-ba55-4556756d61e6	Historia i kultura	TODO
a0d2f244-9bf4-58af-8aaa-95b1368a484e	Urządzenia mechaniczne	TODO
68ab3c42-e94e-5905-a8e0-418602481543	Robotyka	TODO
a4c530a9-29c9-5b61-8578-cb637d850f55	Chłodzenie i energia cieplna	TODO
9cf7c588-d522-5c8e-9e3a-a601014cf2a2	Energia odnawialna	TODO
4cd12359-0ddd-566f-a05b-8636b9be5bcf	Hydrodynamika: wiry, turbulencja, symulacje	TODO
4a3752f7-cea2-5e9d-a5cb-8316fd00e966	Anteny mikrofalowe i detekcja fal elektromagnetycznych	TODO
ccff7ec4-40c2-502e-b72e-b04ca4696526	Metamateriały akustyczne i mechaniczne	TODO
445dd910-c51a-5f8e-bb04-62a4ee5dbaec	Sieć elektryczna, smart grid, ładowanie pojazdów elektrycznych	TODO
f7357288-8163-5f97-9609-7c5b83fd3dca	Lotnictwo	TODO
311dceb6-f0c6-56ed-92ff-b8273f532d91	Aerodynamika, turbiny wiatrowe i lotnictwo	TODO
9ad47381-2ab4-5b5f-b595-8b61bd9bf206	Energetyka: systemy dystrybucji	TODO
475fbeae-4468-5ea4-b0dc-1eb151a836c9	Komponenty dla robotyki: akcelerometry, MEMS	TODO
d7b6d721-40d4-553c-bcd5-cde0ae4f3806	Technologie satelitarne	TODO
33831f7e-6b5a-5a80-b3e4-dbab8ed68aaf	Astrofizyka gwiazdowa i galaktyczna	TODO
943705d2-446a-5392-8997-be44fb72ad0a	Kosmologia i astronomia obserwacyjna	TODO
41a7a1c7-4124-572f-b707-3d3e13809214	Fizyka cząstek	TODO
7351f51d-bb08-590c-bff2-b9b4809422ae	Kosmologia relatywistyczna	TODO
ef0db6ff-a00f-55f7-a997-b34b9201e01b	Metamateriały fotoniczne	TODO
21fd2957-7841-5a33-8910-f6acbaa10297	Obrazowanie, hologramy, wyświetlacze	TODO
08c10dff-0b47-5616-a076-690f49ab375a	Lasery, sygnały wysokiej częstotliwości	TODO
3f580e54-d489-557c-a481-0fcd9e68254c	Wiatr słoneczny i magnetosfery	TODO
3b2d953b-9eb0-5050-9ba4-39f2c1d385e2	Asteroidy i wietrzenie kosmiczne	TODO
1e0fa934-b0d5-5d90-bfee-ecb86ff79d3e	Podstawy fizyki kwantowej	TODO
3a53bd7e-1711-5d79-b3da-73d64359ba5e	Energetyka jądrowa	TODO
c21a62c1-5501-5630-bec0-9402a917eb27	Wytwarzanie i manipulowanie strumieniami cząstek	TODO
24408c4d-6c1f-5c60-ad44-af0099f9890a	Podstawy fizyki jądrowej	TODO
c30d37eb-327a-5ebe-b402-bb595474cadf	Komunikacja optyczna	TODO
218bf21d-f353-533f-a29d-55e793fb95a3	Asfalt	TODO
064ef5ca-5ab7-5c4a-ab84-092b84c46091	Wydobywanie węglowodorów	TODO
c8b59b4a-8fca-5421-bacc-907d88ba1fce	Naturalna promieniotwórczość	TODO
609f0040-848e-5129-9341-f533478c2f5a	Konstrukcje betonowe	TODO
6f0706a9-e35a-50c5-bb50-ee85a071d5f8	Beton zbrojony i kompozytowy	TODO
d3a1247c-e8d2-55d8-b6fb-77f2b82b58ba	Cement i inne składniki betonu	TODO
be6089eb-259c-5197-99b0-d0f1459ebf54	Geologia regionalna i złożowa	TODO
68ffb493-dd18-5dc1-a9e2-a2a237882b96	Tektonika i sejsmologia	TODO
97d87be2-1203-5906-9d3f-66f8aab5d422	Górnictwo i petrologia	TODO
c62f6024-3eaa-5c70-80b9-2177713da566	Stabilność gruntu, osuwiska, gleby	TODO
6ea7239c-a00b-5718-932a-76131edca588	Atmosfera i klimat	TODO
c60ed8f6-61c4-5471-ac66-a8e6688f3688	Opady i powodzie	TODO
bd69111b-cee7-59b7-8051-7be1e86e5052	Roślinność, lasy, pożary	TODO
3fb55405-8e58-5cfb-9866-ea60ff1858ff	Badania satelitarne	TODO
7b77cffe-8bef-531b-a0e6-5d79a9791d26	Lodowce	TODO
03c09653-54c5-584a-8a6b-fb518df1285c	Rzeki, wody gruntowe i gleby	TODO
bd69111b-cee7-59b7-8051-7be1e86e5052	Roślinność, lasy, pożary	TODO
b7576481-a9ac-5146-aac5-9ab123c60a50	Zanieczyszczenie powietrza	TODO
4ca5ce42-9c2f-5e71-b38e-8535dfb713f0	Ewolucja człowieka, początki cywilizacji	TODO
6774291a-6723-5921-b1bd-033c4c59e0e1	Świat starożytny	TODO
617995d9-3d33-59ef-8c87-b4c7ffb6fb6e	Świat nowożytny	TODO
206d6255-904c-552e-9da2-e1ae5bd7b4c0	Świat współczesny	TODO
b4770b0f-49de-5d2c-9dbe-d55b8aca53cf	Wojny i konflikty	TODO
3bb5de70-9a5e-5946-8d66-6f428882191d	Władza i polityka	TODO
9eb9c2e6-f7ac-5d9d-bb65-26efcd51c214	Prawo międzynarodowe	TODO
89746a9e-bca1-5d00-8e5b-c784a9c34d06	Media i dziennikarstwo	TODO
60bc83d2-8a43-50ec-ad49-5cf99a8ae320	Ludzkie życie seksualne	TODO
264e191a-e404-5598-a02e-02cddf60d637	Mniejszości seksualne	TODO
11e1a46e-bc50-5831-9d9d-8be7ba1d851d	Edukacja	TODO
372948b3-de4d-5357-9a65-132a5adb2469	Rolnictwo i rynek żywności	TODO
4a31fa99-6504-5aeb-9568-906f5b9539a6	Rynek mieszkaniowy, zarządzanie miastami	TODO
a71f1d19-0ff6-57e3-aa65-4946e48b8226	Turystyka	TODO
6fd49e95-3e33-5cb5-8b88-af1b405d6a80	Polityka środowiskowa	TODO
319bf8a5-13b4-55f7-8777-4de2b6134762	Inżynieria i prawo budowlane	TODO
4c3f690f-defd-5ce2-b6ef-79c5da6f148a	Transport samochodowy, komunikacja miejska	TODO
ad03b767-473b-5022-b3d1-e12a4b8022f6	Zarządzanie i logistyka budownictwa	TODO
419dad60-2d7c-516c-b28c-50b6e3a94ff7	Komputerowa analiza tekstu	TODO
53ce5fee-f873-527e-ade8-552db197ac23	Tłumaczenie	TODO
7346ab87-855c-50fa-973b-d2e32724446f	Analiza treści w mediach społecznościowych	TODO
787b413a-eef9-5c1f-8fcb-af194644cdd5	Praca	TODO
aa763315-c75e-5e1c-ade7-a806ac99f686	Klienci-marki-usługi	TODO
3f323cd3-79c1-59f3-a198-32862cd9006f	Zarządzanie przedsiębiorstwem	TODO
573bda3b-59c0-5ab7-ab47-be3d70cfbb48	Produkcja i logistyka	TODO
24463923-8214-5e42-9497-68f1fd58402f	Przedsiębiorczość	TODO
93f7b65f-4331-53a1-a528-86eb1e7e4220	Filozofia	TODO
228d19b4-8556-5fcf-ae37-15e5617953a1	Sektor publiczny i prywatny	TODO
05ee06ad-1a26-53ff-92d5-cdab8ff60c03	Giełda i ekonomia behawioralna	TODO
56dcd178-2d02-5d27-8347-284732be9dc7	Podatki	TODO
adbbe39d-3314-5358-b450-549ecba03fea	Globalny rynek i polityka	TODO
589049f1-63bf-5f15-98d6-ca4d57d06b92	Rozwój ekonomiczny	TODO
62f89cc4-e636-59d5-9a57-ce4e02cee057	Zrównoważony rozwój	TODO
675ffcc5-d1c2-545e-b597-a807da8bd04e	Świat sportu	TODO
d29a18cc-1098-5688-8ed3-6a47ae05f24d	Druk 3D metali i kompozytów	TODO
228b7122-0969-5fde-b107-f8722ce5ce37	Obróbka produktów, smarowanie	TODO
af7c079c-0774-59cb-b5f5-8a29269211a1	Tranzystory, diody i okolice	TODO
c0312e1f-3f74-52b2-b17a-4367f772c0c7	Kubity, kropki kwantowe i okolice	TODO
76e423fc-47b1-5bb2-9a99-3078dc4a2c4e	Nanowstążki, heterostruktury van der Waalsa i okolice	TODO
d1673a31-6290-5749-b278-1c9d9d543d7e	Izolatory topologiczne i okolice	TODO
c5d4ea36-52e9-50a6-abbb-b6468865a52f	Cienkie warstwy i nanoelektronika	TODO
ce8241f0-5dd8-5f56-a7e9-4bafe2a3f8cf	Silniki i spalanie	TODO
3dcec4e7-4dd4-5976-933c-6948c1c0bd48	Biomasa, ścieki, spalanie śmieci	TODO
3065f645-fa0c-5b6f-bda3-ef8f184e42ee	Materiały ceramiczne	TODO
33221f20-2781-53cf-87e0-5a31924faab6	Ogniwa fotowoltaiczne i perowskity	TODO
9c982f3d-6ed9-5ad2-adff-72e4194cac8b	Ogniwa paliwowe	TODO
c89dbc52-9cd9-5e85-ba80-e84dd444b820	Nanopręciki i cienkie warstwy ZnO	TODO
0fd5e775-e53d-5410-81e3-4ad3889658eb	Materiały do czujników gazu	TODO
8ddf7d3a-f49e-5fca-9870-58943e1fdb0f	Baterie i elektrody	TODO
cbcbcab7-e0d1-50ff-ab7d-a6ba6481078b	Elektronika miękka, smart textiles	TODO
7b255fb5-89ae-5e5f-8272-8e22e5c4bc5c	Wytwarzanie addytywne (przyrostowe)	TODO
d7c67ccd-2e86-5cdc-80e9-8f629afbd6a6	Żywice, kompozyty, piany, włókna	TODO
cf58903b-a924-5d9e-b2c2-82d2629c17d9	Materiały ognioodporne	TODO
45bd710b-bd11-55a1-9ac9-b67ef64a11cc	Ciekłe kryształy	TODO
0fe51504-a5bd-5f70-9d0f-79d54d602e4f	Teoria funkcjonału gęstości (DFT)	TODO
88f67944-7d3f-55b9-bb18-010c3281443e	Materiały katalityczne	TODO
936bbf9e-e1b0-5573-80af-736c9d5f0f98	Drewno	TODO
f958819a-2b61-5561-ba1b-5ebf9b4bc99b	Urządzenia osmotyczne	TODO
fb2dae87-3fad-5dcf-8058-ee1e4936014b	Materiały sypkie	TODO
a5715304-7cff-5892-a407-ee475616328a	Płomienie i turbulencja	TODO
29bde14a-baad-572f-8c0e-d59f07daa341	Materiały aktywne powierzchniowo	TODO
6c1de641-a45a-5329-b410-868b34be5c22	Membrany filtracyjne	TODO
4be9ee06-2674-5676-84d6-42b31822554d	Bioreaktory, odpady aktywne chemicznie	TODO
46734aa6-042c-52a7-8b17-de87aa78866e	Organiczne LEDy i ogniwa fotowoltaiczne	TODO
e7495e86-274d-5c58-8337-13932d0b2ab5	Efekty świetlne w materiałach organicznych	TODO
e9a7fbc7-6269-5ff1-ae67-29f0ec075750	Fotochemia farmaceutyczna	TODO
697c16ad-5018-5a19-8de2-508e05c2edb7	Mikrofluidyka i nanocząstki	TODO
7c45ba08-6c5a-5ba8-832a-29e622bd683e	Inżynieria tkankowa i biomedyczna	TODO
1996d112-571b-554e-a46c-8f82a6921743	Lignina i celuloza	TODO
48bd226a-016e-516a-bc50-0dc9079fbd75	Hydrożele, robotyka miękka	TODO
b8b3410e-30d5-5db4-83c4-d79385c8055c	Technologia żywności	TODO
ccd54e04-bd02-55fe-ae45-aaef5c5ec78d	Mikro- i nanotechnologie dostarczania leków	TODO
e782dd5a-62fe-58d1-ba6c-b7a88be8e4ca	Nanotechnologia w terapii onkologicznej	TODO
046e58f3-88a5-5463-90ee-a5e204b5b91e	Chemia syntetyczna	TODO
37df13ea-e1e2-57a9-8a81-fe5e93f25b1e	Mechanizmy reakcji chemicznych	TODO
7e9481b2-2cb7-5898-a99d-64cbe0478081	Odkrywanie leków i mechanizmy ich działania	TODO
3c8c1637-ed7c-5ed2-a7e2-5b977735e1cd	Białka	TODO
3e7dee7b-9518-5584-a57e-4bf0b29f0760	Struktury RNA i DNA	TODO
bb614396-21f7-53fe-a3fb-3a310767a72e	Genetyka molekularna	TODO
e0fff966-c1c9-54e5-b7ae-8c40e68faaae	Genomika	TODO
d5e3b4f5-63a6-5ce6-9666-8dc63adb8d14	Produkty roślinne i ich przetwarzanie	TODO
452dfb22-c98b-5461-b436-966a8fe17a6b	Produkty naturalne w medycynie	TODO
d599816c-b881-5bde-83c1-2351b5b4fc0d	Produkty zwierzęce i ich przetwarzanie	TODO
224972d7-b771-556e-abe1-62efc99b2060	Spektroskopia Ramana	TODO
76112258-e881-5f07-b4fe-f9a10bb97b70	Choroby grzybicze	TODO
d20e1631-95d1-5034-a611-ab05b88d806b	Zęby	TODO
21e5c6e3-8965-5f7d-a1cb-a53e6f32dd1a	HIV	TODO
4943e14e-cc59-51c6-8c61-c36437268122	Nowotwory krwi	TODO
3a5195e9-a530-55b6-947a-7839e435237e	Helicobacter pylori	TODO
cdb423b4-b724-5870-89c5-37229784e00c	Nowotwory płuc, inne	TODO
4297d111-e34d-53e3-b48a-a99902df02aa	Nowotwory wątroby i inne	TODO
eec8b450-df5b-54c2-9c7c-2ad66977bb19	Rak sutka i inne	TODO
1b356e80-8679-5695-a344-43931b06bfba	Genomika i biochemia nowotworów	TODO
581750c8-7224-5ce6-a684-f688e02a17a2	Biologia komórki nowotworowej	TODO
e85a4ab8-8801-5b81-a461-09ac014a9f8d	Procesy komórkowe	TODO
b65088a1-6074-5c14-9fb2-0ffd920ae871	Komórki macierzyste	TODO
47e5400e-e758-50fa-b4c3-871e737ab28d	Choroby układu oddechowego	TODO
e37f171b-28a9-5ab4-af58-cea434af5f3c	Słuch i równowaga	TODO
eeed1197-0e2f-53cb-aebc-63047bba53e7	Odżywianie osób chorych i starszych	TODO
cb85f0fc-308f-5b98-a81f-c1224aa11c9c	Zapalenie stawów	TODO
2b39c049-6675-5615-9766-4346f0b0a93a	Choroby skóry	TODO
245fdf22-fb59-57db-abb0-2155f9752025	Zapalenie jelit	TODO
a2208bea-df0d-5b3c-bbc1-1573ca98910b	Zapalenie wątroby	TODO
a8c5edfc-450e-51cb-be5e-c58571d86daf	Nowotwory tkanek miękkich i inne	TODO
a8c24c03-cd61-5ad5-bc5e-6af232ea16c6	Operacje układu pokarmowego	TODO
e4a3dd7d-66ba-5e91-a87f-992f0d9d7df7	Operacje wyrostka i bariatryczne	TODO
0f37d3f8-be81-57a9-8392-96f59810de27	Chirurgia piersi	TODO
e554ac3e-a1e5-5522-b5bf-6171c2d2c740	Cukrzyca	TODO
e3784585-64a9-5336-b1bd-ae34b592029f	Przeszczepy	TODO
68d6e40e-ca82-5867-a268-6ab975f42cb4	Nadciśnienie	TODO
ee38cb45-4540-51b7-a676-1b30593f3dcb	Choroba niedokrwienna serca	TODO
9555fa5b-3d7f-55bb-88ca-b4c413db9a47	Rytm serca	TODO
50d05535-4e98-5376-989b-7dfe68f58397	Chirurgia układu krążenia	TODO
bfe03a9b-8e18-539b-abcf-ee33d0c0bf75	Choroby naczyń krwionośnych	TODO
bf2131ec-cdf7-5e20-9d6e-f27fd4967c6e	Operacje wad wrodzonych	TODO
870a258c-cec4-5b50-9820-9fd74cfd7fd2	Psychologia ciąży	TODO
c7694253-2f30-58be-b993-bc98f0999bf5	Poród i opieka nad noworodkami	TODO
0e0cb16c-648d-567e-9c38-3d6e6ee33394	Zdrowie kobiety w ciąży	TODO
96e395cc-85c6-5a9d-9b0b-f5f400348130	Koronawirus	TODO
433217fa-ae0d-51f8-b828-7cedaf93cb10	Bezdech senny	TODO
16b4b681-4662-55cc-bb57-a24a14ad9e2b	Ostra niewydolność oddechowa	TODO
bf2d27d7-b880-53ec-b238-e195332d6331	Nagłe zatrzymanie krążenia	TODO
006c917a-39af-5436-a5a4-dbde25677f8e	Tarczyca	TODO
fa441221-8151-5ef2-9a77-711f993b5159	Anemia, talasemia, żelazo	TODO
9a5833ef-761c-54cc-b990-d17d6eacda25	Anestezjologia i opieka pooperacyjna	TODO
7162534c-2e9c-5097-a126-dc28fc2953cf	Ból przewlekły	TODO
bf577838-245f-5843-a1e8-ef8f62135669	Zarządzanie bólem	TODO
5a912268-8146-53a7-87f2-904c15fc4777	Ból głowy	TODO
5ce12b40-4efa-510a-84f2-a9ceb6602743	Kręgosłup	TODO
365ef754-1cde-5f27-a049-493ebe3a2aa8	Urazy i ich leczenie operacyjne	TODO
05fed67b-199b-517a-80cb-8efb227ff8fe	Urazy kolana	TODO
0b1a786c-ba86-5138-999c-f8e0cf43c2bf	Gruźlica	TODO
9bb891af-5af7-5d3c-a456-069c4e279e57	Infekcje i antybiotyki	TODO
315f6393-c7ae-5efe-88ff-3fb072e2fa69	Mikrobiom jelitowy	TODO
afcddefb-9603-596a-b6b5-b80850368a54	Różne choroby wirusowe i bakteryjne	TODO
0f38f6d2-8317-53c8-b803-375c5b7333d7	Choroby przenoszone drogą płciową	TODO
ac3a9488-30ec-5a9a-85af-c3beb08ce0dd	Zaburzenia psychiczne	TODO
bc8fc36f-e44b-5ec7-9d84-f9f66b20f58a	Sieci funkcjonalne mózgu	TODO
496b3ee9-c134-5148-8c0c-c3ba21ad4da3	Procesy poznawcze człowieka	TODO
37805ddc-d6bf-5f45-86b4-1d22a85a0b53	Dietetyka	TODO
06c42715-87d1-5a7c-81c3-129f309a6c45	Oczy i widzenie	TODO
9a0383ee-3217-5eaf-99f0-48e0632f0021	Zdrowie gleby, kompost	TODO
7eb9b849-0a3a-5300-8019-f0d409bbb4ea	Choroby tropikalne	TODO
6e06532d-04a6-5b97-85c2-14c45fe0243b	Bisfenol, PFAS i inne	TODO
9a339899-864e-590f-be1d-309dc5f164bb	Grzyby	TODO
13c4b258-bb77-5bea-abb8-ea0e2ad70156	Ekologia i zachowania zwierząt	TODO
a43a5d58-72d6-57cc-ad41-2ad716cbecee	Ekosystemy dna oceanu	TODO
9450c0dc-cd3c-527c-9a94-8fa784fe8918	Życie w oceanach i rybołówstwo	TODO
1a527ca2-1234-5c15-9b2c-172edab67b85	Jakość wody, mikroorganizmy wodne	TODO
04e798aa-71ad-56c4-b4b9-a9fd10a4f05e	Biogeografia	TODO
cf6e4361-c937-5509-8a79-aa9cf7aeeb73	Pestycydy	TODO
8a6823fa-e162-530a-9aa0-e520cdfbefb6	Metale ciężkie w środowisku	TODO
53fa3d05-7e4a-5703-bdbc-2ee809bf94ac	Wzrost i odporność roślin na stres	TODO
d36c6b81-f981-5667-93bb-08d7381f78ba	Hodowla ryb	TODO
bfd44c51-54f2-5f52-9316-5edce9d096fa	Owady	TODO
31ae0656-406a-5819-b7fb-dc13115c77bb	Genetyka organizmów i populacji	TODO
7eb9b849-0a3a-5300-8019-f0d409bbb4ea	Choroby tropikalne	TODO
ef6fe07d-7731-5f5d-99d5-e0d2290c111c	Zespół policystycznych jajników	TODO
d88398ea-11d7-564a-ac33-0d922b138e09	Embriologia i sztuczne zapłodnienie	TODO
548081f1-eb49-56af-9f9f-5be7430bf97c	Malaria	TODO
35b846ae-1875-502b-ac8c-e265666da275	Konie i zwierzęta domowe	TODO
b68bb64b-947a-52e1-9d46-d4ef131ac815	Bydło domowe	TODO
f12fdad6-e558-5918-a49f-6425c1fb3062	Drób	TODO
3737c325-96cf-5b86-92d6-8ca06656ee0b	Choroby roślin	TODO
325229fd-e370-531e-8868-bdbfbe96d596	Biomechanika ruchu	TODO
3b3a244b-38bb-5674-b709-1defa363f86a	Trening specjalistyczny	TODO
dffca38b-3267-5d2b-a542-aa98607703de	Sprawność w chorobie i starości	TODO
a64b7e9b-08f5-5eb5-a03d-1694d6a0330a	Psychologia sportu	TODO
7d055839-ae2b-58d0-8d6c-1ce1d8b66650	Zdrowie psychiczne	TODO
4be79980-5b16-56ec-99d5-b26eb71570c8	Uzależnienia od substancji	TODO
a506b41c-243a-5c24-b0a6-666a6b9267da	Aktywność fizyczna	TODO
01a60de8-386b-5a94-9cee-f3ca02c61ee7	Starość	TODO
0cad0bf1-c5f4-517f-8fa8-d22f4ecad765	Edukacja medyczna	TODO
025301f8-f324-5afe-b70a-651780af0d6d	Farmaceutyka	TODO
c4e497c1-3046-5f46-b39e-9d5847df6ffa	Opieka nad osobami starszymi i hospicyjna	TODO
f3d70ced-30e6-520c-a414-ab58bf815ad1	Ach, ci pacjenci	TODO
3582e2ff-6f19-587c-878a-21bc5afd2dfe	Zaburzenia snu	TODO
3b7bf838-bd23-52a0-b9e1-9a5a47617c28	Przestępczość	TODO
239d472b-8ad1-52f0-b803-b40fabc6d499	Ideologie, uprzedzenia, konflikty	TODO
0d1fe999-8324-578a-89f6-fcac2df7ba70	Przemoc	TODO
e1a76e0a-d76e-5edc-90ee-b8c2395422db	Autyzm	TODO
f3b80a24-c919-5934-a658-2227a24bcd6a	Edukacja matematyczna	TODO
225e4996-54d6-5f0a-8392-0ae1385d8331	Technologie cyfrowe w edukacji	TODO
e3e28a11-07a8-5fae-9e7f-bb202b07e21a	Szkoła islamska	TODO
8d496e40-8296-5645-90c8-150b9d7da338	Publikowanie naukowe	TODO
5b4422d6-b95b-50f7-9195-39ded3b5c975	Edukacja językowa	TODO
5d3f362e-be04-5d51-b8ba-52ae1e67acc1	Teoria języka	TODO
90b641c2-aee0-598e-b25e-d602731e4d48	Obraz ciała, zaburzenia odżywiania	TODO
326b07e9-bf3c-509c-8228-d15e207958cf	Palenie	TODO
d3651361-5075-5df2-a43a-5cb7965e0272	Analiza dźwięku i mowy	TODO
4801137b-aefb-51df-b6b1-70d565bc63af	Cyberbezpieczeństwo	TODO
91d4c3a0-aaa5-5ad9-805f-eee5233fdc55	Obliczanie rozproszone-IoT-blockchain	TODO
5e994dc2-ef09-5963-b64c-029752628973	Usługi chmurowe i edge computing	TODO
055f463e-5868-580d-b125-199e88a77939	Sieci bezprzewodowe	TODO
a0f9509e-af60-5a4f-a490-c0f646cd79e3	Szyfrowanie danych	TODO
dd170ee1-eb33-53e9-a668-26dc95ab9f85	Uczenie maszynowe	TODO
970b81c8-0c63-5414-b34a-d38b4bf92750	Roboty i drony autonomiczne	TODO
6272dbe5-9b72-5b5b-950e-09ab356e6456	Teoria sterowania	TODO
4fb3c002-c9be-5c39-bfb5-cd0ee5e5795a	Równania różniczkowe i układy dynamiczne	TODO
d5bcb907-d8df-5d9a-9d9d-925e3fbcf185	Matematyka uczenia maszynowego	TODO
f5b60a94-00bd-54a5-b486-30e19f00d41a	Analiza zespolona-geometria-topologia	TODO
1f5b0c4c-85ab-542b-ba2e-2947569edcac	Algebra	TODO
efa70806-ea78-5dda-bb9f-c858f67cf426	Logika rozmyta	TODO
bac28c7c-936e-5178-8bdf-4f8f15d2d011	Kombinatoryka	TODO
c99b7d35-8f35-5d75-a103-d8ab31211d65	Analiza danych, systemy decyzyjne	TODO
96d781eb-23f8-5c2b-bcfb-fe9e14e3ec76	Osobowość i różnice międzyosobnicze zwierząt	TODO
f5604201-75fb-514b-b0d7-433e85a653f9	Spektroskopia LIBS	TODO
57b2fd69-5c72-5745-a80c-3221ed6b7663	Generowanie wyższych harmonicznych	TODO
914db98e-d579-53aa-84b3-bb327ad748fe	Plazma niskotemperaturowa	TODO
f542b57f-2d45-5cd4-a32b-3991679cde14	Laserowa spektroskopia absorpcyjna	TODO
20f76620-83ce-5683-b17d-f2b9bc8e13a2	Kwantowe układy optomechaniczne	TODO
a07cddbc-7d93-55ad-a55e-1e1fa570bb59	Obliczenia kwantowe w układach fotonicznych	TODO
5c275b5e-31c0-5a90-8cc7-bd9739ff23fd	Fotonika topologiczna	TODO
1004c3c0-c3ba-564f-9137-7e9eddd8f3ab	Szerokopasmowe absorbery metamateriałowe	TODO
b6ced7bb-2324-5882-bc2d-f0296e46eb57	Lasery włóknowe wysokiej mocy	TODO
5165e7a5-2b22-5ae9-bca4-b0bd62c42dd9	Czujniki światłowodowe	TODO
e550d83a-9c1e-5007-951c-7cdb46620177	Rozproszone wykrywanie akustyczne (DAS)	TODO
d8f9af5d-30e2-5d8d-aea9-c078e845ca7e	Kubity nadprzewodzące	TODO
6bc186df-c5cc-5c01-a6b4-5f0c41578dac	Magnetometry pompowane optycznie (OPM)	TODO
70b5174c-bab6-539b-9197-5015cc5c1515	Metapowierzchnie i metasoczewki	TODO
5b032c83-a654-5669-a7ce-acead07e64b3	Orbitalny moment pędu światła	TODO
2e664e47-6ee5-5e48-bda0-3bb374e8d94e	Metamateriały termiczne	TODO
364e6c66-dc7d-500a-bf16-6062438a3958	Podwodna komunikacja bezprzewodowa	TODO
0db5b4fc-3f9b-542b-9df4-688cfb5e65fe	Obrazowanie w ośrodkach rozpraszających	TODO
1de5612e-fd39-5de2-88de-20b0a608c6ea	Wyświetlacze holograficzne	TODO
27bb77b8-cd6a-5d34-b4bd-f768feef1ace	Materia aktywna	TODO
48586fd7-0455-5e96-9785-e41608953831	Anosmia i inne zaburzenia węchu	TODO
b1cde3f7-9aa4-5b4a-bde5-e453788e7353	Substancje psychodeliczne	TODO
f986dc8e-4bd0-5716-8730-e08ee604d228	Ketamina i esketamina w leczeniu depresji	TODO
92fa7228-a3ff-589a-8cca-272031ab5f45	Mikrobiom w depresji i innych zaburzeniach psychicznych	TODO
91d1ceeb-e812-5f8a-8ade-7188cbd9f494	Mikroglej	TODO
bd177048-5bb6-55a0-b72a-661e6392b0de	Epigenetyczne markery starzenia	TODO
0e6fe660-bcc9-55d8-816d-a2464b13d4f6	Kannabidiol (CBD)	TODO
327eb56a-db36-51b7-8b1a-344141e61b75	Głębokie sieci neuronowe w badaniach Alzheimera	TODO
adf34f00-68ba-517a-8c5c-88c473fe53f8	Przezczaszkowa stymulacja prądem stałym (tDCS)	TODO
27a03aaf-7fc9-55c3-bbb4-16a3eaff1590	Obrazowanie mózgu podczas wyobrażania ruchowego	TODO
eef3dee9-03f3-5325-84c3-bf0c6928a27d	Rozpoznawanie emocji na podstawie EEG	TODO
5280afcc-8fb6-5537-aead-5076e37f6fd9	Poczucie ciała w wirtualnej rzeczywistości	TODO
0bc0d38d-05c0-53d9-a998-3407ca5227df	Hydrożele przewodzące	TODO
95561527-5303-5559-b600-ea6c557e490a	Hydrożele w leczeniu ran	TODO
e4222d7e-7a23-5e19-832d-edb09f7c0f5b	Druk 3D materiałów biologicznych i biokompatybilnych	TODO
7128c90f-c9f6-535e-b1fe-51b61ca668fe	Druk 4D i materiały aktywne	TODO
426e3bdd-ac62-5f24-a37b-b9e12be02225	Dynamika polimerów, polimery samoleczące, witrymery	TODO
2535fd06-535c-51fa-a356-c5802198f485	Inżynieria chemiczna ligniny w bioraniferiach	TODO
e1d54a32-bb0e-55f9-9b63-192384b8cf15	Nanokryształy celulozy (CNC)	TODO
40a1d028-4a8d-5205-8385-dd9c70c052a5	Inżynieria chemiczna biomasy drzewnej	TODO
77f8b679-6b32-56c6-ad1c-7deccb13d11c	Materiały i związki pochodzenia naturalnego w produkcji opakowań	TODO
